No,Component,Pattern,Keywords,Description,Do,Don't,Code Example Good,Code Example Bad,Accessibility,Responsive,Severity
1,Button,Primary Button,"primary, CTA, action, submit, main action","Primary button for main call-to-action with clear visual hierarchy and distinct styling","Use high-contrast background with clear text; min 44x44px touch target; provide hover/focus/active states","Use primary button for every action; skip focus ring; use low-contrast colors","<button className=""rounded-lg bg-blue-600 px-6 py-3 text-sm font-semibold text-white shadow-sm transition-colors hover:bg-blue-500 focus-visible:outline focus-visible:outline-2 focus-visible:outline-offset-2 focus-visible:outline-blue-600"">Submit</button>","<button className=""bg-blue-600 text-white px-2 py-1"">Submit</button>","role=button implicit; use aria-label when text is ambiguous; visible focus-visible ring; keyboard Enter/Space triggers","Min width 120px on mobile; full-width on xs screens; min height 44px touch target",Critical
2,Button,Secondary Button,"secondary, outline, alternative, cancel","Secondary button for alternative actions that complement the primary CTA","Use outline or muted style clearly distinct from primary; maintain same sizing as primary","Make secondary button visually compete with primary; use same colors as primary","<button className=""rounded-lg border border-zinc-300 bg-white px-6 py-3 text-sm font-semibold text-zinc-900 shadow-sm transition-colors hover:bg-zinc-50 focus-visible:outline focus-visible:outline-2 focus-visible:outline-offset-2 focus-visible:outline-zinc-600 dark:border-zinc-700 dark:bg-zinc-800 dark:text-zinc-100"">Cancel</button>","<button className=""bg-blue-400 text-white px-6 py-3"">Cancel</button>","Same keyboard support as primary; clear visual distinction for screen readers via context","Same sizing rules as primary button; maintain consistent padding",High
3,Button,Ghost Button,"ghost, text, minimal, tertiary, link-style","Ghost/text button for low-emphasis actions like tertiary navigation or inline actions","Use transparent background with text color; show subtle hover background; keep consistent padding","Remove all visual affordance making it indistinguishable from text; skip hover state","<button className=""rounded-lg px-4 py-2 text-sm font-medium text-zinc-600 transition-colors hover:bg-zinc-100 hover:text-zinc-900 focus-visible:outline focus-visible:outline-2 focus-visible:outline-offset-2 focus-visible:outline-zinc-600 dark:text-zinc-400 dark:hover:bg-zinc-800 dark:hover:text-zinc-100"">Learn more</button>","<button className=""text-blue-500"">Learn more</button>","Must still be focusable with visible focus ring; aria-label if text is ambiguous","Increase padding on touch devices for better tap targets",Medium
4,Button,Icon Button,"icon, icon-only, compact, action-icon","Icon-only button for compact actions like close, menu toggle, or settings","Always provide aria-label; use consistent square dimensions; include tooltip on hover","Use icon button without aria-label; make icons too small to tap; skip tooltip","<button aria-label=""Close dialog"" className=""rounded-lg p-2 text-zinc-400 transition-colors hover:bg-zinc-100 hover:text-zinc-600 focus-visible:outline focus-visible:outline-2 focus-visible:outline-offset-2 focus-visible:outline-zinc-600""><XMarkIcon className=""h-5 w-5"" /></button>","<button><XMarkIcon className=""h-3 w-3"" /></button>","aria-label required; tooltip for sighted users; keyboard accessible; 44x44px minimum touch area","Min 44x44px on all screens; consider adding text label on larger screens",Critical
5,Button,Loading Button,"loading, spinner, submitting, pending, async","Button with loading state during async operations to prevent double submissions","Disable button and show spinner during loading; preserve button width to prevent layout shift; use aria-busy","Allow double clicks during async operations; change button width when loading; hide all text during load","<button disabled={isLoading} aria-busy={isLoading} className=""inline-flex items-center gap-2 rounded-lg bg-blue-600 px-6 py-3 text-sm font-semibold text-white transition-colors disabled:opacity-60""><span>{isLoading ? 'Submitting...' : 'Submit'}</span>{isLoading && <Spinner className=""h-4 w-4 animate-spin"" />}</button>","<button onClick={handleSubmit} className=""bg-blue-600 text-white px-6 py-3"">{isLoading ? <Spinner /> : 'Submit'}</button>","aria-busy=true during loading; keep readable text alongside spinner; announce state change to screen readers","Maintain fixed button width to prevent layout shift on mobile",Critical
6,Button,Button Group,"group, segmented, toggle-group, button-set","Group of related buttons displayed together as a cohesive unit","Use consistent sizing within group; add proper spacing or connected borders; use role=group with aria-label","Mix different button sizes in a group; use inconsistent spacing; skip group labeling","<div role=""group"" aria-label=""Text alignment"" className=""inline-flex rounded-lg border border-zinc-200 dark:border-zinc-700""><button className=""rounded-l-lg px-4 py-2 text-sm font-medium bg-zinc-100 dark:bg-zinc-800"">Left</button><button className=""border-l px-4 py-2 text-sm font-medium hover:bg-zinc-50"">Center</button><button className=""rounded-r-lg border-l px-4 py-2 text-sm font-medium hover:bg-zinc-50"">Right</button></div>","<div><button className=""px-2 py-1 text-xs"">Left</button><button className=""px-4 py-3 text-lg"">Center</button></div>","role=group with aria-label; arrow key navigation between group items; roving tabindex pattern","Stack vertically on narrow screens; maintain full-width on mobile",Medium
7,Modal,Overlay Modal,"modal, dialog, overlay, popup, lightbox","Modal dialog with backdrop overlay for focused user interaction requiring attention","Use dialog element or role=dialog; trap focus inside modal; close on Escape key; close on backdrop click; restore focus on close","Auto-open modals on page load; allow scroll behind modal; forget to return focus; nest modals deeply","<dialog ref={dialogRef} className=""rounded-xl bg-white p-6 shadow-xl backdrop:bg-black/50 dark:bg-zinc-900"" aria-labelledby=""dialog-title""><h2 id=""dialog-title"" className=""text-lg font-semibold"">Confirm Action</h2><p className=""mt-2 text-sm text-zinc-600"">Are you sure?</p><div className=""mt-4 flex justify-end gap-3""><button onClick={onClose}>Cancel</button><button onClick={onConfirm}>Confirm</button></div></dialog>","<div className=""fixed inset-0 z-50 bg-black/50"" onClick={onClose}><div className=""bg-white p-4"" onClick={e => e.stopPropagation()}>Content</div></div>","role=dialog; aria-labelledby for title; aria-describedby for description; focus trap; Escape to close; restore focus on close","Max-width 90vw on mobile; full-screen on xs; bottom sheet pattern on mobile if appropriate",Critical
8,Modal,Focus Trap,"focus-trap, keyboard-nav, tab-cycle, modal-focus","Focus management within modal to keep keyboard navigation contained inside the dialog","Trap Tab and Shift+Tab within modal boundaries; auto-focus first focusable element; return focus to trigger on close","Allow Tab to escape modal; focus behind the modal; skip auto-focus on open","const FocusTrap = ({ children }) => { const ref = useRef(null); useEffect(() => { const focusable = ref.current?.querySelectorAll('button, [href], input, select, textarea, [tabindex]:not([tabindex=""-1""])'); const first = focusable?.[0]; const last = focusable?.[focusable.length - 1]; first?.focus(); const handler = (e) => { if (e.key === 'Tab') { if (e.shiftKey && document.activeElement === first) { e.preventDefault(); last?.focus(); } else if (!e.shiftKey && document.activeElement === last) { e.preventDefault(); first?.focus(); } } }; ref.current?.addEventListener('keydown', handler); return () => ref.current?.removeEventListener('keydown', handler); }, []); return <div ref={ref}>{children}</div>; }","<div className=""modal"">{children}</div> // No focus management at all","Critical for keyboard users; prevents focus from reaching background content; WCAG 2.4.3 Focus Order","Same behavior on all screen sizes; ensure virtual keyboard does not obscure focused inputs on mobile",Critical
9,Modal,Confirmation Dialog,"confirm, dangerous-action, delete-confirm, destructive","Confirmation dialog for destructive or irreversible actions requiring explicit user consent","Use clear warning language; make destructive action visually distinct (red); default focus on safe action (Cancel)","Default focus on destructive button; use vague language; skip confirmation for irreversible actions","<dialog aria-labelledby=""confirm-title"" aria-describedby=""confirm-desc""><h2 id=""confirm-title"" className=""text-lg font-semibold text-zinc-900"">Delete Project?</h2><p id=""confirm-desc"" className=""mt-2 text-sm text-zinc-600"">This action cannot be undone. All data will be permanently removed.</p><div className=""mt-6 flex justify-end gap-3""><button autoFocus className=""rounded-lg border px-4 py-2 text-sm"">Cancel</button><button className=""rounded-lg bg-red-600 px-4 py-2 text-sm text-white hover:bg-red-500"">Delete</button></div></dialog>","<div><p>Are you sure?</p><button onClick={onDelete}>OK</button></div>","aria-describedby for warning message; autoFocus on Cancel (safe action); clear destructive language","Full-width buttons stacked on mobile; adequate spacing between confirm and cancel",Critical
10,Modal,Close Behavior,"close, escape, backdrop-click, dismiss, modal-close","Proper modal dismissal patterns including keyboard, backdrop click, and explicit close button","Support Escape key; close on backdrop click for non-critical modals; always show visible close button; confirm before closing if form has changes","Close without saving unsaved work; remove Escape key support; hide the close button","<dialog onClose={handleClose}><button onClick={onClose} aria-label=""Close"" className=""absolute right-4 top-4 rounded-lg p-1 text-zinc-400 hover:text-zinc-600""><XMarkIcon className=""h-5 w-5"" /></button>{children}</dialog> // Plus Escape handler and backdrop click","<div className=""modal"">Content only, no close button, no keyboard handler</div>","Escape key must close; close button with aria-label; announce closure to screen readers","Close button easily tappable (44x44px); swipe-down to close on mobile modals",High
11,Modal,Nested Modal,"nested, stacked, multi-layer, modal-stack","Handling multiple modals layered on top of each other with proper z-index management","Avoid nested modals when possible; if required use incremental z-index and manage focus stack; dim previous modal","Open unlimited nested modals; lose track of focus stack; use same z-index for all modals","// Prefer replacing modal content instead of nesting: const [step, setStep] = useState('confirm'); return (<dialog><AnimatePresence mode=""wait"">{step === 'confirm' && <ConfirmStep onNext={() => setStep('details')} />}{step === 'details' && <DetailsStep onBack={() => setStep('confirm')} />}</AnimatePresence></dialog>)","<dialog><dialog><dialog>Three nested modals with no focus management</dialog></dialog></dialog>","Maintain focus trap stack; each level must be independently closeable via Escape; announce context changes","Consider using full-screen flow instead of nested modals on mobile",High
12,Form,Text Input,"input, text-field, text-input, form-field","Standard text input with label, placeholder, validation, and error messaging","Always pair with visible label; show validation errors below input; use appropriate input type (email, tel, url)","Use placeholder as label replacement; show errors only on submit; skip input types","<div className=""space-y-1.5""><label htmlFor=""email"" className=""text-sm font-medium text-zinc-700 dark:text-zinc-300"">Email</label><input id=""email"" type=""email"" placeholder=""you@example.com"" aria-describedby=""email-error"" className=""w-full rounded-lg border border-zinc-300 px-3 py-2 text-sm shadow-sm transition-colors focus:border-blue-500 focus:outline-none focus:ring-2 focus:ring-blue-500/20 dark:border-zinc-700 dark:bg-zinc-800"" />{error && <p id=""email-error"" role=""alert"" className=""text-sm text-red-600"">{error}</p>}</div>","<input placeholder=""Email"" className=""border p-2"" />","Visible label linked via htmlFor/id; aria-describedby for error; role=alert on error message; required attribute","Full-width on mobile; appropriate virtual keyboard via inputMode; adequate font-size (16px+) to prevent zoom on iOS",Critical
13,Form,Textarea,"textarea, multi-line, long-text, message","Multi-line text input for longer content like messages or descriptions","Set reasonable min/max height; show character count if limited; auto-resize when possible","Allow infinite resizing breaking layout; skip character limit indication; use fixed tiny height","<div className=""space-y-1.5""><label htmlFor=""message"" className=""text-sm font-medium text-zinc-700"">Message</label><textarea id=""message"" rows={4} maxLength={500} aria-describedby=""char-count"" className=""w-full resize-y rounded-lg border border-zinc-300 px-3 py-2 text-sm shadow-sm focus:border-blue-500 focus:ring-2 focus:ring-blue-500/20"" /><p id=""char-count"" className=""text-xs text-zinc-500"">{count}/500 characters</p></div>","<textarea className=""border"" />","Label linked via htmlFor; aria-describedby for character count; announce limit approaching to screen readers","Full-width; min-height 100px on mobile; resize handle visible; prevent zoom with 16px font",High
14,Form,Select Dropdown,"select, dropdown, picker, option-list","Native or custom select input for choosing from a predefined list of options","Use native select for simple lists; show selected value clearly; group related options with optgroup","Build custom select without keyboard support; use div-based dropdown without ARIA; hide the current value","<div className=""space-y-1.5""><label htmlFor=""country"" className=""text-sm font-medium text-zinc-700"">Country</label><select id=""country"" className=""w-full rounded-lg border border-zinc-300 bg-white px-3 py-2 text-sm shadow-sm focus:border-blue-500 focus:ring-2 focus:ring-blue-500/20 dark:border-zinc-700 dark:bg-zinc-800""><option value="""">Select a country</option><optgroup label=""North America""><option value=""us"">United States</option><option value=""ca"">Canada</option></optgroup></select></div>","<div onClick={toggle} className=""border p-2"">{selected}<div className=""absolute"">{options.map(o => <div onClick={() => pick(o)}>{o}</div>)}</div></div>","Native select is fully accessible; custom select needs role=listbox, role=option, aria-expanded, arrow key navigation","Native select uses OS picker on mobile which is better UX; full-width on small screens",High
15,Form,Checkbox,"checkbox, toggle, multi-select, check","Checkbox for boolean or multi-select choices with proper labeling","Place label to the right of checkbox; use fieldset/legend for groups; make entire label area clickable","Use tiny checkboxes; separate label from checkbox click area; skip indeterminate state for partial selections","<fieldset><legend className=""text-sm font-medium text-zinc-700"">Notifications</legend><div className=""mt-2 space-y-2"">{options.map(opt => (<label key={opt.id} className=""flex items-center gap-3 cursor-pointer""><input type=""checkbox"" name=""notifications"" value={opt.id} className=""h-4 w-4 rounded border-zinc-300 text-blue-600 focus:ring-2 focus:ring-blue-500/20"" /><span className=""text-sm text-zinc-700"">{opt.label}</span></label>))}</div></fieldset>","<div>{options.map(o => <><input type=""checkbox"" />{o.label}</>)}</div>","fieldset/legend for groups; label wraps or linked to input; Space key toggles; aria-checked for custom checkboxes","Min 44x44px tap target for checkbox + label area; adequate spacing between options",High
16,Form,Radio Group,"radio, single-select, option, radio-group","Radio button group for mutually exclusive single selection from multiple options","Group with fieldset/legend; pre-select a default when logical; use vertical layout for 3+ options","Allow multiple selections; skip fieldset/legend; use horizontal layout for many options","<fieldset><legend className=""text-sm font-medium text-zinc-700"">Plan</legend><div className=""mt-2 space-y-2"">{plans.map(plan => (<label key={plan.id} className=""flex items-center gap-3 cursor-pointer rounded-lg border border-zinc-200 p-3 transition-colors has-[:checked]:border-blue-500 has-[:checked]:bg-blue-50""><input type=""radio"" name=""plan"" value={plan.id} className=""h-4 w-4 border-zinc-300 text-blue-600 focus:ring-2 focus:ring-blue-500/20"" /><span className=""text-sm font-medium"">{plan.label}</span></label>))}</div></fieldset>","<div>{plans.map(p => <div onClick={() => setSelected(p.id)}>{p.label}</div>)}</div>","fieldset/legend required; arrow keys navigate between options; only one tabstop for the group; aria-checked for custom","Vertical stack on mobile; full-width cards for radio card pattern; adequate touch targets",High
17,Form,Switch Toggle,"switch, toggle, on-off, boolean","Toggle switch for immediate on/off boolean settings (not for forms that require submit)","Use for immediate-effect settings; show current state clearly; provide label describing what the switch controls","Use switch in forms requiring submit; leave state ambiguous; skip the label","<label className=""flex items-center justify-between gap-3""><span className=""text-sm font-medium text-zinc-700"">Enable notifications</span><button role=""switch"" aria-checked={enabled} onClick={() => setEnabled(prev => !prev)} className={`relative inline-flex h-6 w-11 shrink-0 cursor-pointer rounded-full border-2 border-transparent transition-colors ${enabled ? 'bg-blue-600' : 'bg-zinc-200'}`}><span className={`pointer-events-none inline-block h-5 w-5 rounded-full bg-white shadow ring-0 transition-transform ${enabled ? 'translate-x-5' : 'translate-x-0'}`} /></button></label>","<div onClick={() => setOn(!on)} className={on ? 'bg-green-500' : 'bg-gray-300'}>Toggle</div>","role=switch; aria-checked; keyboard Space to toggle; visible on/off state; label describes the setting","Min 44px tall tap target; clearly visible state on mobile; consider adding on/off text labels",High
18,Form,File Upload,"file-upload, drag-drop, attachment, media-upload","File upload area supporting click-to-browse and drag-and-drop with preview","Show accepted file types and size limits; provide drag-and-drop zone; show upload progress; preview uploaded files","Accept any file type silently; skip size validation; show no progress indicator; forget error states","<div onDragOver={handleDragOver} onDrop={handleDrop} className=""flex flex-col items-center rounded-lg border-2 border-dashed border-zinc-300 p-8 text-center transition-colors hover:border-zinc-400 dark:border-zinc-700""><CloudArrowUpIcon className=""h-10 w-10 text-zinc-400"" /><p className=""mt-2 text-sm text-zinc-600"">Drag and drop or <label htmlFor=""file-input"" className=""cursor-pointer font-semibold text-blue-600 hover:text-blue-500"">browse</label></p><p className=""mt-1 text-xs text-zinc-500"">PNG, JPG up to 10MB</p><input id=""file-input"" type=""file"" accept="".png,.jpg,.jpeg"" className=""sr-only"" onChange={handleFileChange} /></label></div>","<input type=""file"" />","Label linked to hidden file input; announce upload progress with aria-live; describe accepted types","Full-width drop zone on mobile; large tap target for browse button; show file name after selection",High
19,Form,Date Picker,"date-picker, calendar, date-input, date-select","Date selection input using native or custom calendar picker","Use native date input for simple cases; show format hint; validate date ranges; support keyboard navigation in custom pickers","Build custom date picker without keyboard support; ignore timezone; use ambiguous date formats","<div className=""space-y-1.5""><label htmlFor=""start-date"" className=""text-sm font-medium text-zinc-700"">Start Date</label><input id=""start-date"" type=""date"" min={today} max={maxDate} className=""w-full rounded-lg border border-zinc-300 px-3 py-2 text-sm shadow-sm focus:border-blue-500 focus:ring-2 focus:ring-blue-500/20"" /><p className=""text-xs text-zinc-500"">Format: YYYY-MM-DD</p></div>","<input placeholder=""Enter date"" className=""border p-2"" /> // No type=date, no format hint","Native date input is accessible by default; custom picker needs role=dialog, grid navigation, aria-selected","Native date input uses OS date picker on mobile; full-width; adequate font size to prevent zoom",Medium
20,Form,Validation Display,"validation, error, form-error, inline-error, feedback","Inline form validation feedback showing errors, success states, and helpful hints","Show errors inline below the field; use aria-describedby linking; validate on blur and on submit; use role=alert for errors","Show errors only in a toast; use only color to indicate errors; validate only on submit; block typing","<div className=""space-y-1.5""><label htmlFor=""password"" className=""text-sm font-medium text-zinc-700"">Password</label><input id=""password"" type=""password"" aria-invalid={!!error} aria-describedby=""password-error password-hint"" className={`w-full rounded-lg border px-3 py-2 text-sm shadow-sm transition-colors focus:ring-2 ${error ? 'border-red-500 focus:border-red-500 focus:ring-red-500/20' : 'border-zinc-300 focus:border-blue-500 focus:ring-blue-500/20'}`} />{error ? <p id=""password-error"" role=""alert"" className=""text-sm text-red-600"">{error}</p> : <p id=""password-hint"" className=""text-xs text-zinc-500"">Must be at least 8 characters</p>}</div>","<input className={error ? 'border-red' : ''} /> // No error text, no ARIA","aria-invalid on input; aria-describedby linking to error message; role=alert on dynamic errors; not color-only","Error messages visible without scrolling; adequate contrast for error text on mobile",Critical
21,Card,Content Card,"card, container, info-card, content-block","Standard content card with header, body, and optional footer for displaying grouped information","Use consistent padding and border-radius; maintain visual hierarchy with title and body; keep content scannable","Overcrowd cards with too much content; use inconsistent spacing; skip visual hierarchy","<article className=""rounded-xl border border-zinc-200 bg-white p-6 shadow-sm dark:border-zinc-800 dark:bg-zinc-900""><h3 className=""text-base font-semibold text-zinc-900 dark:text-zinc-100"">Project Overview</h3><p className=""mt-2 text-sm text-zinc-600 dark:text-zinc-400"">A brief description of the project status and key metrics.</p><div className=""mt-4 flex items-center gap-2 text-xs text-zinc-500""><span>Updated 2 hours ago</span></div></article>","<div className=""border p-2""><b>Title</b><p>Very long unstructured content dumped in a div with no spacing or hierarchy...</p></div>","Use article element; heading hierarchy; role=region with aria-label if card is a landmark","Consistent padding (16-24px); full-width on mobile; stack cards vertically on narrow screens",Medium
22,Card,Interactive Card,"clickable-card, link-card, action-card, hover-card","Card that acts as a clickable link or trigger with hover effects and keyboard support","Make entire card clickable; show hover state; use proper semantic (anchor or button); maintain focus ring","Nest focusable elements inside a clickable card creating nested interactivity; skip keyboard support","<a href=""/project/123"" className=""group block rounded-xl border border-zinc-200 bg-white p-6 shadow-sm transition-all hover:border-zinc-300 hover:shadow-md focus-visible:outline focus-visible:outline-2 focus-visible:outline-offset-2 focus-visible:outline-blue-600 dark:border-zinc-800 dark:bg-zinc-900""><h3 className=""text-base font-semibold text-zinc-900 group-hover:text-blue-600"">Project Name</h3><p className=""mt-2 text-sm text-zinc-600"">Description of the project</p></a>","<div onClick={() => router.push('/project/123')} className=""border p-4 cursor-pointer""><h3>Title</h3><button>Click me</button><a href=""/other"">Nested link</a></div>","Use a or button element; avoid nested interactive elements; focus-visible ring; announce as link/button to screen readers","Full card tap area on mobile; adequate padding for touch; hover effects only on hover-capable devices",High
23,Card,Image Card,"image-card, media-card, thumbnail-card, preview-card","Card with featured image, title, and optional description for media-rich content display","Use aspect-ratio for consistent image sizing; add alt text; lazy-load images below fold; optimize image format","Stretch images without maintaining ratio; skip alt text; load all images eagerly; use huge uncompressed images","<article className=""overflow-hidden rounded-xl border border-zinc-200 bg-white shadow-sm dark:border-zinc-800 dark:bg-zinc-900""><div className=""aspect-video""><img src={imageUrl} alt={imageAlt} loading=""lazy"" className=""h-full w-full object-cover"" /></div><div className=""p-4""><h3 className=""text-base font-semibold text-zinc-900"">{title}</h3><p className=""mt-1 text-sm text-zinc-600"">{description}</p></div></article>","<div className=""border""><img src={url} /><div>{title}</div></div>","alt text on images; article element; lazy loading with loading=lazy; decorative images use alt=''","aspect-ratio for consistent sizing; full-width on mobile; responsive images with srcset",High
24,Card,Pricing Card,"pricing, plan-card, pricing-table, subscription-card","Pricing card displaying plan name, price, features, and CTA for product pricing sections","Highlight recommended plan; align feature lists across cards; use clear CTA hierarchy; show price prominently","Hide the price; use inconsistent layouts between plans; skip feature comparison alignment","<div className=""rounded-xl border-2 border-blue-600 bg-white p-8 shadow-lg dark:bg-zinc-900""><span className=""rounded-full bg-blue-100 px-3 py-1 text-xs font-semibold text-blue-600"">Popular</span><h3 className=""mt-4 text-lg font-semibold"">Pro Plan</h3><p className=""mt-2""><span className=""text-4xl font-bold"">$99</span><span className=""text-sm text-zinc-500"">/one-time</span></p><ul className=""mt-6 space-y-3"">{features.map(f => (<li key={f} className=""flex items-center gap-2 text-sm""><CheckIcon className=""h-4 w-4 text-green-500"" />{f}</li>))}</ul><button className=""mt-8 w-full rounded-lg bg-blue-600 py-3 text-sm font-semibold text-white hover:bg-blue-500"">Get Started</button></div>","<div className=""border p-4""><h3>Pro</h3><span>$99</span><div>Some features listed inconsistently</div><button>Buy</button></div>","Clear heading hierarchy; features as list; CTA button with descriptive text; aria-label on ambiguous buttons","Stack cards vertically on mobile; full-width per card; horizontal scroll or tabs for 3+ plans on small screens",Medium
25,Navigation,Navbar,"navbar, header, top-nav, site-nav, main-nav","Primary site navigation bar fixed at the top with logo, links, and actions","Use nav element with aria-label; keep to 5-7 main items; fixed/sticky positioning; show active state","Overcrowd with too many items; use div instead of nav; hide navigation entirely on mobile; skip active state","<nav aria-label=""Main navigation"" className=""sticky top-0 z-40 border-b border-zinc-200 bg-white/80 backdrop-blur-lg dark:border-zinc-800 dark:bg-zinc-900/80""><div className=""mx-auto flex h-16 max-w-7xl items-center justify-between px-4""><a href=""/"" aria-label=""Home"" className=""text-lg font-bold"">Logo</a><ul className=""hidden items-center gap-6 md:flex"">{links.map(link => (<li key={link.href}><a href={link.href} aria-current={link.active ? 'page' : undefined} className=""text-sm font-medium text-zinc-600 hover:text-zinc-900"">{link.label}</a></li>))}</ul><button aria-label=""Open menu"" className=""md:hidden p-2""><Bars3Icon className=""h-6 w-6"" /></button></div></nav>","<div className=""fixed top-0 w-full bg-white""><div>Logo</div><div>{links.map(l => <span onClick={() => goto(l)}>{l.name}</span>)}</div></div>","nav element with aria-label; aria-current=page for active link; keyboard navigable links; mobile menu with focus trap","Collapse to hamburger menu on mobile; sticky on scroll; adequate touch targets in mobile menu",Critical
26,Navigation,Sidebar,"sidebar, side-nav, drawer, left-nav, panel-nav","Vertical sidebar navigation for dashboards and admin interfaces with collapsible sections","Use nav element; show active state; support collapsible sections; provide toggle for mobile; show icons + text","Auto-collapse hiding labels permanently; nest too many levels deep; use horizontal scrolling","<nav aria-label=""Dashboard navigation"" className=""flex h-full w-64 flex-col border-r border-zinc-200 bg-white dark:border-zinc-800 dark:bg-zinc-900""><ul className=""flex-1 space-y-1 p-4"">{items.map(item => (<li key={item.href}><a href={item.href} aria-current={item.active ? 'page' : undefined} className={`flex items-center gap-3 rounded-lg px-3 py-2 text-sm font-medium transition-colors ${item.active ? 'bg-blue-50 text-blue-600' : 'text-zinc-600 hover:bg-zinc-100 hover:text-zinc-900'}`}><item.icon className=""h-5 w-5"" />{item.label}</a></li>))}</ul></nav>","<div className=""w-60 bg-gray-100"">{items.map(i => <div onClick={() => goto(i)}>{i.name}</div>)}</div>","nav with aria-label; aria-current=page; keyboard navigation; expandable sections use aria-expanded","Off-canvas drawer on mobile; overlay with backdrop; swipe to open/close; full-height on desktop",High
27,Navigation,Breadcrumb,"breadcrumb, path, trail, hierarchy-nav","Breadcrumb trail showing the user's current location within the site hierarchy","Use nav with aria-label=Breadcrumb; use ol for ordered list; separate items with aria-hidden dividers; mark current page","Use breadcrumbs as primary navigation; show too many levels; make current page a link","<nav aria-label=""Breadcrumb""><ol className=""flex items-center gap-2 text-sm""><li><a href=""/"" className=""text-zinc-500 hover:text-zinc-700"">Home</a></li><li aria-hidden=""true"" className=""text-zinc-300"">/</li><li><a href=""/projects"" className=""text-zinc-500 hover:text-zinc-700"">Projects</a></li><li aria-hidden=""true"" className=""text-zinc-300"">/</li><li aria-current=""page"" className=""font-medium text-zinc-900"">Project Alpha</li></ol></nav>","<div>Home > Projects > Current // Plain text with no links or semantics</div>","nav with aria-label=Breadcrumb; ol element; aria-current=page on last item; separators are aria-hidden","Truncate middle items on mobile showing first and last; horizontal scroll if needed; smaller text on mobile",Medium
28,Navigation,Tabs,"tabs, tab-panel, tab-nav, segmented-nav","Tab navigation for switching between content panels within the same context","Use role=tablist/tab/tabpanel; show active tab clearly; arrow keys to navigate tabs; only active panel in DOM or use aria-hidden","Use tabs for page navigation; load all panels simultaneously without hiding; skip keyboard support","<div><div role=""tablist"" aria-label=""Account settings"" className=""flex border-b border-zinc-200"">{tabs.map(tab => (<button key={tab.id} role=""tab"" id={`tab-${tab.id}`} aria-selected={activeTab === tab.id} aria-controls={`panel-${tab.id}`} tabIndex={activeTab === tab.id ? 0 : -1} onClick={() => setActiveTab(tab.id)} className={`px-4 py-2 text-sm font-medium transition-colors ${activeTab === tab.id ? 'border-b-2 border-blue-600 text-blue-600' : 'text-zinc-500 hover:text-zinc-700'}`}>{tab.label}</button>))}</div><div role=""tabpanel"" id={`panel-${activeTab}`} aria-labelledby={`tab-${activeTab}`} tabIndex={0} className=""p-4"">{activeContent}</div></div>","<div>{tabs.map(t => <span onClick={() => setTab(t)} className={tab === t ? 'font-bold' : ''}>{t}</span>)}<div>{content}</div></div>","role=tablist/tab/tabpanel; aria-selected; aria-controls; arrow key navigation; roving tabindex; only one tab in tab order","Horizontal scroll for many tabs on mobile; consider dropdown for 5+ tabs on small screens; full-width tabs",Critical
29,Navigation,Pagination,"pagination, paging, page-nav, page-numbers","Page navigation for browsing through large datasets or content collections","Use nav with aria-label=Pagination; show current page; disable prev/next at boundaries; provide page count","Show all page numbers for large sets; forget to disable boundary buttons; use only next/prev without context","<nav aria-label=""Pagination""><ul className=""flex items-center gap-1"">{/* Previous */}<li><button disabled={page === 1} aria-label=""Previous page"" className=""rounded-lg p-2 text-sm text-zinc-500 hover:bg-zinc-100 disabled:opacity-40""><ChevronLeftIcon className=""h-5 w-5"" /></button></li>{/* Pages */}{pages.map(p => (<li key={p}><button aria-current={p === page ? 'page' : undefined} aria-label={`Page ${p}`} className={`rounded-lg px-3 py-2 text-sm font-medium ${p === page ? 'bg-blue-600 text-white' : 'text-zinc-600 hover:bg-zinc-100'}`}>{p}</button></li>))}<li><button disabled={page === total} aria-label=""Next page"" className=""rounded-lg p-2 text-sm text-zinc-500 hover:bg-zinc-100 disabled:opacity-40""><ChevronRightIcon className=""h-5 w-5"" /></button></li></ul></nav>","<div>{[1,2,3,4,5].map(p => <span onClick={() => setPage(p)}>{p}</span>)}</div>","nav with aria-label; aria-current=page; aria-label on each button; disabled state on boundary; announce page changes","Simplified pagination on mobile (prev/next + current/total); adequate tap targets; truncate middle pages",High
30,Navigation,Bottom Navigation,"bottom-nav, mobile-nav, tab-bar, footer-nav","Fixed bottom navigation bar for mobile-first apps with 3-5 main destinations","Limit to 3-5 items; use icon + label; highlight active item; fixed to bottom; use nav element","Show more than 5 items; use text-only without icons; hide labels completely; make it scrollable","<nav aria-label=""Main"" className=""fixed inset-x-0 bottom-0 z-40 border-t border-zinc-200 bg-white pb-safe dark:border-zinc-800 dark:bg-zinc-900""><ul className=""flex items-center justify-around px-2 py-1"">{items.map(item => (<li key={item.href}><a href={item.href} aria-current={item.active ? 'page' : undefined} className={`flex flex-col items-center gap-0.5 px-3 py-2 text-xs font-medium ${item.active ? 'text-blue-600' : 'text-zinc-500'}`}><item.icon className=""h-5 w-5"" /><span>{item.label}</span></a></li>))}</ul></nav>","<div className=""fixed bottom-0 w-full flex""><div onClick={goHome}><HomeIcon /></div><div onClick={goSearch}><SearchIcon /></div></div>","nav with aria-label; aria-current=page; icon + text label; keyboard accessible; safe area padding for notch devices","Only show on mobile (md:hidden); safe-area-inset-bottom padding; 3-5 items max; icon + label always",High
31,Table,Data Table,"table, data-grid, list-view, data-display","Standard data table for displaying structured tabular data with proper semantics","Use semantic table elements (table/thead/tbody/tr/th/td); add caption or aria-label; scope attributes on headers","Use divs for tabular data; skip thead; omit scope on headers; use tables for layout","<table className=""w-full text-sm""><caption className=""sr-only"">User list</caption><thead><tr className=""border-b border-zinc-200 text-left""><th scope=""col"" className=""px-4 py-3 font-medium text-zinc-500"">Name</th><th scope=""col"" className=""px-4 py-3 font-medium text-zinc-500"">Email</th><th scope=""col"" className=""px-4 py-3 font-medium text-zinc-500"">Role</th></tr></thead><tbody className=""divide-y divide-zinc-100"">{users.map(user => (<tr key={user.id} className=""hover:bg-zinc-50""><td className=""px-4 py-3 font-medium text-zinc-900"">{user.name}</td><td className=""px-4 py-3 text-zinc-600"">{user.email}</td><td className=""px-4 py-3 text-zinc-600"">{user.role}</td></tr>))}</tbody></table>","<div>{users.map(u => <div className=""flex""><span>{u.name}</span><span>{u.email}</span></div>)}</div>","Semantic table elements; caption or aria-label; scope=col/row on headers; screen readers announce cell position","Horizontal scroll with sticky first column on mobile; card layout alternative for narrow screens",Critical
32,Table,Sortable Table,"sortable, sort-column, order-by, column-sort","Table with clickable column headers to sort data ascending/descending","Use button inside th for sort triggers; show sort direction indicator; announce sort changes; use aria-sort","Sort without visual indicator; make entire header clickable without button semantics; lose sort state on re-render","<th scope=""col"" aria-sort={sortCol === 'name' ? sortDir : 'none'}><button onClick={() => handleSort('name')} className=""flex items-center gap-1 px-4 py-3 text-sm font-medium text-zinc-500 hover:text-zinc-900"">Name {sortCol === 'name' && (sortDir === 'ascending' ? <ChevronUpIcon className=""h-4 w-4"" /> : <ChevronDownIcon className=""h-4 w-4"" />)}</button></th>","<th onClick={() => sort('name')} className=""cursor-pointer"">Name {sorted && 'â–²'}</th>","aria-sort on th (ascending/descending/none); button element for sort trigger; announce sort change to screen readers","Prioritize sortable columns that fit on mobile; hide less important columns on small screens",High
33,Table,Filterable Table,"filter, search-table, column-filter, data-filter","Table with filtering capabilities to narrow down displayed data","Place filters above table; show active filter count; provide clear-all option; maintain filter state in URL","Hide filters behind multiple clicks; lose filter state on navigation; filter without feedback on result count","<div className=""space-y-4""><div className=""flex items-center gap-3""><div className=""relative flex-1""><MagnifyingGlassIcon className=""absolute left-3 top-1/2 h-4 w-4 -translate-y-1/2 text-zinc-400"" /><input type=""search"" placeholder=""Search users..."" aria-label=""Search users"" value={search} onChange={e => setSearch(e.target.value)} className=""w-full rounded-lg border border-zinc-300 py-2 pl-9 pr-3 text-sm"" /></div><select aria-label=""Filter by role"" value={roleFilter} onChange={e => setRoleFilter(e.target.value)} className=""rounded-lg border border-zinc-300 px-3 py-2 text-sm""><option value="""">All roles</option><option value=""admin"">Admin</option></select></div><p className=""text-sm text-zinc-500"">{filtered.length} results</p></div>","<table>{data.filter(magicFilter).map(...)}</table> // No UI for filtering, hidden logic","aria-label on filter inputs; announce result count changes with aria-live; filter controls labeled clearly","Stack filters vertically on mobile; collapsible filter panel; full-width search input",High
34,Table,Responsive Table,"responsive-table, mobile-table, overflow-table, scroll-table","Table that adapts to small screens without losing data or context","Use horizontal scroll container with sticky first column; or transform to card layout on mobile","Let table overflow without scroll; hide columns silently; force tiny font sizes on mobile","<div className=""overflow-x-auto rounded-lg border border-zinc-200""><table className=""w-full min-w-[640px] text-sm""><thead><tr className=""border-b bg-zinc-50""><th className=""sticky left-0 z-10 bg-zinc-50 px-4 py-3 text-left font-medium text-zinc-500"">Name</th><th className=""px-4 py-3 text-left font-medium text-zinc-500"">Email</th><th className=""px-4 py-3 text-left font-medium text-zinc-500"">Status</th></tr></thead><tbody>{/* rows */}</tbody></table></div>","<table className=""text-[8px]"">{/* Tiny unreadable table */}</table>","Sticky column remains accessible; scroll indicator for horizontal overflow; announce table dimensions","Horizontal scroll with shadow indicators; sticky first column; or card layout transformation below md",Critical
35,Table,Row Selection,"selectable, checkbox-table, multi-select-table, batch-actions","Table with row selection checkboxes for batch operations on multiple items","Provide select-all checkbox in header; show selected count; display batch action bar; use aria-selected","Mix selection with row click navigation; forget select-all; lose selection state on sort/filter","<thead><tr><th scope=""col"" className=""w-12 px-4 py-3""><input type=""checkbox"" aria-label=""Select all rows"" checked={allSelected} onChange={toggleAll} className=""h-4 w-4 rounded border-zinc-300"" /></th><th scope=""col"" className=""px-4 py-3 font-medium"">Name</th></tr></thead><tbody>{users.map(user => (<tr key={user.id} aria-selected={selected.includes(user.id)} className={selected.includes(user.id) ? 'bg-blue-50' : ''}><td className=""px-4 py-3""><input type=""checkbox"" aria-label={`Select ${user.name}`} checked={selected.includes(user.id)} onChange={() => toggleRow(user.id)} className=""h-4 w-4 rounded border-zinc-300"" /></td><td className=""px-4 py-3"">{user.name}</td></tr>))}</tbody>","<tr onClick={() => toggleSelect(id)}><td>{name}</td></tr> // Click-only selection, no checkboxes","aria-selected on rows; labeled checkboxes; select-all with aria-label; announce selection count changes","Checkbox column always visible; batch action bar fixed on mobile; adequate tap targets for checkboxes",High
36,Toast,Success Toast,"success, notification, confirmation, positive-feedback","Success notification toast for confirming completed actions","Auto-dismiss after 3-5 seconds; show at consistent position; include close button; use green/check styling","Block user interaction; show indefinitely for success; stack unlimited toasts; use only color to convey meaning","<div role=""status"" aria-live=""polite"" className=""flex items-center gap-3 rounded-lg border border-green-200 bg-green-50 px-4 py-3 shadow-lg dark:border-green-800 dark:bg-green-900/50""><CheckCircleIcon className=""h-5 w-5 shrink-0 text-green-600"" /><p className=""text-sm font-medium text-green-800 dark:text-green-200"">Changes saved successfully</p><button onClick={onDismiss} aria-label=""Dismiss notification"" className=""ml-auto shrink-0 rounded-lg p-1 text-green-600 hover:bg-green-100""><XMarkIcon className=""h-4 w-4"" /></button></div>","<div className=""bg-green-500 text-white p-2"">Saved!</div>","role=status; aria-live=polite; not just color (icon + text); close button with aria-label; announce to screen readers","Fixed position (top-right on desktop, top-center on mobile); adequate width; swipe to dismiss on mobile",High
37,Toast,Error Toast,"error, failure, error-notification, critical-alert","Error notification toast for communicating failures that need user attention","Do not auto-dismiss errors; require explicit close; provide actionable message; use red/error styling with icon","Auto-dismiss error messages; show vague error text; use only color without icon or text explanation","<div role=""alert"" className=""flex items-center gap-3 rounded-lg border border-red-200 bg-red-50 px-4 py-3 shadow-lg dark:border-red-800 dark:bg-red-900/50""><XCircleIcon className=""h-5 w-5 shrink-0 text-red-600"" /><div className=""flex-1""><p className=""text-sm font-medium text-red-800 dark:text-red-200"">Payment failed</p><p className=""mt-1 text-xs text-red-700 dark:text-red-300"">Please check your card details and try again.</p></div><button onClick={onDismiss} aria-label=""Dismiss error"" className=""shrink-0 rounded-lg p-1 text-red-600 hover:bg-red-100""><XMarkIcon className=""h-4 w-4"" /></button></div>","<div className=""bg-red-500 text-white p-2"" onClick={() => setTimeout(hide, 3000)}>Error!</div>","role=alert for immediate announcement; do NOT auto-dismiss; descriptive message; close button with aria-label","Persistent on screen; full-width on mobile; adequate padding for readability; retry action if applicable",Critical
38,Toast,Warning Toast,"warning, caution, attention, advisory","Warning notification for situations requiring user awareness but not immediate failure","Use amber/yellow styling with warning icon; auto-dismiss in 5-8 seconds or keep persistent for important warnings; include action if applicable","Treat warnings same as errors; use alarming language for minor issues; dismiss too quickly","<div role=""status"" aria-live=""polite"" className=""flex items-center gap-3 rounded-lg border border-amber-200 bg-amber-50 px-4 py-3 shadow-lg dark:border-amber-800 dark:bg-amber-900/50""><ExclamationTriangleIcon className=""h-5 w-5 shrink-0 text-amber-600"" /><div className=""flex-1""><p className=""text-sm font-medium text-amber-800 dark:text-amber-200"">Your session expires in 5 minutes</p></div><button onClick={onExtend} className=""shrink-0 rounded-lg bg-amber-600 px-3 py-1.5 text-xs font-medium text-white hover:bg-amber-500"">Extend</button><button onClick={onDismiss} aria-label=""Dismiss warning"" className=""shrink-0 rounded-lg p-1 text-amber-600 hover:bg-amber-100""><XMarkIcon className=""h-4 w-4"" /></button></div>","<div className=""bg-yellow-500 p-2"">Warning</div>","role=status; aria-live=polite; icon + text (not color-only); actionable when possible","Full-width on mobile; action button easily tappable; adequate contrast for amber on white background",Medium
39,Toast,Info Toast,"info, notice, informational, neutral-notification","Informational notification for non-critical updates and general messages","Auto-dismiss in 5 seconds; use blue/neutral styling; keep message concise; position consistently with other toasts","Use info toasts for critical information; overuse for trivial updates; block user interaction","<div role=""status"" aria-live=""polite"" className=""flex items-center gap-3 rounded-lg border border-blue-200 bg-blue-50 px-4 py-3 shadow-lg dark:border-blue-800 dark:bg-blue-900/50""><InformationCircleIcon className=""h-5 w-5 shrink-0 text-blue-600"" /><p className=""text-sm font-medium text-blue-800 dark:text-blue-200"">New version available. Refresh to update.</p><button onClick={onDismiss} aria-label=""Dismiss notification"" className=""ml-auto shrink-0 rounded-lg p-1 text-blue-600 hover:bg-blue-100""><XMarkIcon className=""h-4 w-4"" /></button></div>","<div className=""bg-blue-500 text-white p-2"">Info</div>","role=status; aria-live=polite; icon + text; close button with aria-label","Same positioning as other toasts; auto-dismiss appropriate; swipe to dismiss on mobile",Medium
40,Dropdown,Dropdown Menu,"dropdown, menu, action-menu, overflow-menu","Dropdown menu triggered by a button showing a list of actions or options","Use button trigger with aria-expanded; role=menu on container; role=menuitem on items; arrow key navigation; close on Escape","Open on hover without click option; forget to close on outside click; skip keyboard navigation","<div className=""relative""><button id=""menu-btn"" aria-haspopup=""true"" aria-expanded={open} onClick={() => setOpen(prev => !prev)} className=""rounded-lg border border-zinc-300 px-4 py-2 text-sm font-medium hover:bg-zinc-50"">Options <ChevronDownIcon className=""ml-1 inline h-4 w-4"" /></button>{open && (<div role=""menu"" aria-labelledby=""menu-btn"" className=""absolute right-0 z-10 mt-1 w-48 rounded-lg border border-zinc-200 bg-white py-1 shadow-lg""><button role=""menuitem"" tabIndex={-1} className=""w-full px-4 py-2 text-left text-sm text-zinc-700 hover:bg-zinc-100"">Edit</button><button role=""menuitem"" tabIndex={-1} className=""w-full px-4 py-2 text-left text-sm text-red-600 hover:bg-red-50"">Delete</button></div>)}</div>","<div onMouseEnter={open}><span>Options</span><div className=""absolute"">{items.map(i => <div onClick={i.action}>{i.label}</div>)}</div></div>","aria-haspopup; aria-expanded; role=menu/menuitem; arrow key navigation; Escape to close; focus first item on open","Position menu to stay within viewport; full-width on mobile if needed; adequate tap targets for menu items",Critical
41,Dropdown,Context Menu,"context-menu, right-click, contextual-actions","Context menu appearing on right-click or long-press for contextual actions","Use role=menu; position at cursor; close on outside click/Escape; provide keyboard alternative via button","Replace browser context menu entirely; forget to provide non-right-click alternative","<div onContextMenu={(e) => { e.preventDefault(); setMenuPos({ x: e.clientX, y: e.clientY }); setShowMenu(true); }}>{children}{showMenu && (<div role=""menu"" style={{ position: 'fixed', left: menuPos.x, top: menuPos.y }} className=""z-50 w-48 rounded-lg border border-zinc-200 bg-white py-1 shadow-lg""><button role=""menuitem"" className=""w-full px-4 py-2 text-left text-sm hover:bg-zinc-100"">Copy</button><button role=""menuitem"" className=""w-full px-4 py-2 text-left text-sm hover:bg-zinc-100"">Paste</button></div>)}</div>","<div onContextMenu={showCustomMenu}>{children}<div className=""absolute"">{items.map(i => <div>{i}</div>)}</div></div>","role=menu/menuitem; position within viewport; keyboard accessible alternative; Escape to close","Long-press trigger on touch devices; position within viewport bounds; adequate item height for touch",Medium
42,Dropdown,Combobox,"combobox, autocomplete, typeahead, searchable-select","Searchable select input combining text input with filtered dropdown list","Use role=combobox; aria-autocomplete; filter options as user types; highlight matching text; keyboard navigation","Open dropdown without filtering; ignore keyboard navigation; lose focus on selection","<div className=""relative""><input role=""combobox"" aria-expanded={open} aria-controls=""listbox-options"" aria-autocomplete=""list"" aria-activedescendant={activeId} value={query} onChange={e => setQuery(e.target.value)} onFocus={() => setOpen(true)} className=""w-full rounded-lg border border-zinc-300 px-3 py-2 text-sm"" />{open && filtered.length > 0 && (<ul id=""listbox-options"" role=""listbox"" className=""absolute z-10 mt-1 max-h-60 w-full overflow-auto rounded-lg border border-zinc-200 bg-white py-1 shadow-lg"">{filtered.map((opt, i) => (<li key={opt.id} id={`option-${opt.id}`} role=""option"" aria-selected={i === activeIndex} className={`px-3 py-2 text-sm cursor-pointer ${i === activeIndex ? 'bg-blue-50 text-blue-600' : 'text-zinc-700 hover:bg-zinc-50'}`} onClick={() => selectOption(opt)}>{opt.label}</li>))}</ul>)}</div>","<input onChange={e => setFilter(e.target.value)} /><div>{options.filter(o => o.includes(filter)).map(o => <div onClick={() => pick(o)}>{o}</div>)}</div>","role=combobox; aria-expanded; aria-autocomplete; role=listbox/option; aria-activedescendant; arrow keys + Enter to select","Full-width on mobile; dropdown max-height with scroll; virtual keyboard should not obscure options",Critical
43,Dropdown,Multi-Select,"multi-select, tag-select, multi-choice, checkbox-select","Dropdown allowing multiple selections displayed as tags/chips in the input area","Show selected items as removable tags; provide select-all option; show count for many selections; checkbox per option","Auto-close on each selection; hide selected items; no way to clear all selections","<div className=""rounded-lg border border-zinc-300 p-2""><div className=""flex flex-wrap gap-1"">{selected.map(item => (<span key={item.id} className=""inline-flex items-center gap-1 rounded-full bg-blue-100 px-2 py-0.5 text-xs font-medium text-blue-700""><span>{item.label}</span><button onClick={() => removeItem(item.id)} aria-label={`Remove ${item.label}`} className=""rounded-full p-0.5 hover:bg-blue-200""><XMarkIcon className=""h-3 w-3"" /></button></span>))}<input placeholder={selected.length === 0 ? 'Select items...' : ''} value={query} onChange={e => setQuery(e.target.value)} className=""min-w-[120px] flex-1 border-0 p-1 text-sm outline-none"" /></div></div>","<select multiple className=""border p-2"">{options.map(o => <option>{o}</option>)}</select>","Remove buttons with aria-label per tag; combobox ARIA pattern; announce selection changes; keyboard removable tags","Tags wrap naturally; adequate tap targets for remove buttons; dropdown within viewport",High
44,Avatar,User Avatar,"avatar, profile-image, user-icon, user-photo","User avatar displaying profile image with fallback to initials or default icon","Provide fallback for missing images; use consistent sizing; add alt text; show initials as fallback","Stretch non-square images; skip fallback; use low-res images at large sizes; forget alt text","<div className=""relative h-10 w-10 shrink-0 overflow-hidden rounded-full bg-zinc-200 dark:bg-zinc-700""><img src={user.avatarUrl} alt={user.name} className=""h-full w-full object-cover"" onError={(e) => { e.currentTarget.style.display = 'none'; }} /><span aria-hidden=""true"" className=""absolute inset-0 flex items-center justify-center text-sm font-medium text-zinc-600 dark:text-zinc-300"">{user.name.slice(0, 2).toUpperCase()}</span></div>","<img src={avatarUrl} className=""w-10 h-10 rounded-full"" />","alt text with user name; aria-hidden on decorative fallback; role=img if using div-based avatar","Consistent sizes (24/32/40/48px); adequate resolution for retina; flexible for touch targets when clickable",Medium
45,Avatar,Status Badge,"status-badge, online-indicator, presence, availability","Small status indicator dot overlaid on avatar showing user availability or state","Position consistently (bottom-right); use semantic colors (green=online, gray=offline); add sr-only label","Rely only on color for meaning; make badge too small; skip screen reader label","<div className=""relative inline-block""><img src={avatarUrl} alt={user.name} className=""h-10 w-10 rounded-full"" /><span className={`absolute bottom-0 right-0 block h-3 w-3 rounded-full ring-2 ring-white ${status === 'online' ? 'bg-green-500' : status === 'away' ? 'bg-amber-500' : 'bg-zinc-400'}`}><span className=""sr-only"">{status === 'online' ? 'Online' : status === 'away' ? 'Away' : 'Offline'}</span></span></div>","<div className=""relative""><img src={avatarUrl} className=""rounded-full"" /><div className=""absolute bottom-0 right-0 w-2 h-2 bg-green-500 rounded-full"" /></div>","sr-only text describing status; not color-only (screen reader label); ring for visibility against backgrounds","Badge scales with avatar size; visible on both light and dark backgrounds; adequate contrast",Medium
46,Avatar,Notification Badge,"notification-badge, count-badge, alert-badge, unread-count","Numeric or dot badge showing notification count or unread items on icons or avatars","Show count for small numbers (1-99); show 99+ for large counts; use dot for boolean unread state; position top-right","Show exact large numbers (1234); make badge too small to read; skip screen reader announcement","<button aria-label={`Notifications, ${count} unread`} className=""relative rounded-lg p-2 text-zinc-500 hover:bg-zinc-100 hover:text-zinc-700""><BellIcon className=""h-6 w-6"" />{count > 0 && (<span aria-hidden=""true"" className=""absolute -right-0.5 -top-0.5 flex h-5 min-w-[20px] items-center justify-center rounded-full bg-red-500 px-1 text-xs font-bold text-white"">{count > 99 ? '99+' : count}</span>)}</button>","<div className=""relative""><BellIcon /><span className=""absolute -top-1 -right-1 bg-red-500 text-white text-[8px] rounded-full px-0.5"">{count}</span></div>","Count in aria-label of parent; aria-hidden on visual badge; announce changes with aria-live for real-time updates","Min badge size 20px; readable font size; consistent positioning across different icon sizes",High
47,Tooltip,Basic Tooltip,"tooltip, hint, hover-info, title-popup","Small tooltip appearing on hover/focus to provide additional context for an element","Show on hover and focus; position to stay in viewport; delay show by 200-300ms; hide immediately on leave; keep concise","Use tooltips for essential information; show on click blocking the element; make tooltips too long; nest interactive content","<div className=""group relative inline-block""><button aria-describedby=""tooltip-1"" className=""rounded-lg p-2 text-zinc-500 hover:text-zinc-700""><QuestionMarkCircleIcon className=""h-5 w-5"" /></button><div id=""tooltip-1"" role=""tooltip"" className=""invisible absolute bottom-full left-1/2 z-10 mb-2 -translate-x-1/2 rounded-lg bg-zinc-900 px-3 py-1.5 text-xs text-white opacity-0 shadow-lg transition-opacity group-hover:visible group-hover:opacity-100 group-focus-within:visible group-focus-within:opacity-100""><span>Additional information about this field</span><div className=""absolute left-1/2 top-full -translate-x-1/2 border-4 border-transparent border-t-zinc-900"" /></div></div>","<span title=""info"">Hover me</span> // Native title with no styling or ARIA","role=tooltip; aria-describedby linking trigger to tooltip; show on focus for keyboard; concise text only","Position to stay within viewport; consider replacing with inline text on mobile (no hover); touch-friendly alternative",Medium
48,Tooltip,Popover,"popover, info-panel, detail-popup, rich-tooltip","Rich popover with structured content appearing on click for more detailed information","Trigger on click (not hover); include close button; trap focus if interactive; position within viewport","Open on hover for complex content; forget close mechanism; allow overflow off-screen","<div className=""relative""><button aria-expanded={open} aria-controls=""popover-1"" onClick={() => setOpen(prev => !prev)} className=""rounded-lg border border-zinc-300 px-3 py-2 text-sm"">More info</button>{open && (<div id=""popover-1"" role=""dialog"" aria-label=""Additional details"" className=""absolute left-0 z-10 mt-2 w-72 rounded-xl border border-zinc-200 bg-white p-4 shadow-xl dark:border-zinc-700 dark:bg-zinc-900""><h3 className=""text-sm font-semibold"">Details</h3><p className=""mt-2 text-sm text-zinc-600"">Detailed information with links and formatting.</p><button onClick={() => setOpen(false)} className=""mt-3 text-sm font-medium text-blue-600 hover:text-blue-500"">Got it</button></div>)}</div>","<div onMouseEnter={open}><span>Hover for details</span><div className=""absolute"">{complexContent}</div></div>","role=dialog for interactive popovers; aria-expanded on trigger; aria-controls; close on Escape; focus management","Position within viewport; consider full-width on mobile; close button easily tappable",High
49,Tooltip,Info Tooltip,"info-icon, help-text, contextual-help, field-help","Small info icon with tooltip for contextual help text next to form fields or labels","Place next to the label it describes; use question mark or info icon; keep help text concise; trigger on hover and focus","Replace labels with info tooltips; hide critical instructions in tooltips; make tooltips the only way to learn usage","<label className=""flex items-center gap-1.5 text-sm font-medium text-zinc-700"">API Key <button aria-describedby=""api-key-help"" className=""rounded-full text-zinc-400 hover:text-zinc-600 focus:outline-none focus-visible:ring-2 focus-visible:ring-blue-500""><InformationCircleIcon className=""h-4 w-4"" /></button><div id=""api-key-help"" role=""tooltip"" className=""hidden absolute z-10 rounded-lg bg-zinc-900 px-3 py-2 text-xs text-white shadow-lg"">Find your API key in Settings &gt; Developer &gt; API Keys</div></label>","<label>API Key <span title=""help"">?</span></label>","aria-describedby linking icon to tooltip; role=tooltip; show on focus; icon is focusable button","Touch-friendly alternative: tap to show/hide; or always-visible hint text on mobile; adequate tap target for icon",Medium
50,Skeleton,Skeleton Card,"skeleton, placeholder, loading-card, shimmer","Skeleton loading placeholder mimicking card layout while content loads","Match skeleton to actual content layout; use subtle animation (pulse or shimmer); show for predictable loading times","Show spinning loader instead of skeleton; mismatch skeleton with actual layout; flash skeleton for fast loads","<div className=""animate-pulse rounded-xl border border-zinc-200 bg-white p-6 dark:border-zinc-800 dark:bg-zinc-900""><div className=""h-4 w-3/4 rounded bg-zinc-200 dark:bg-zinc-700"" /><div className=""mt-3 h-3 w-full rounded bg-zinc-200 dark:bg-zinc-700"" /><div className=""mt-2 h-3 w-5/6 rounded bg-zinc-200 dark:bg-zinc-700"" /><div className=""mt-4 flex items-center gap-3""><div className=""h-8 w-8 rounded-full bg-zinc-200 dark:bg-zinc-700"" /><div className=""h-3 w-24 rounded bg-zinc-200 dark:bg-zinc-700"" /></div></div>","<div className=""flex items-center justify-center h-40""><Spinner /></div>","aria-busy=true on container; aria-label describing loading state; hide from screen readers or announce loading","Same dimensions as actual content to prevent layout shift; match responsive layout of real content",High
51,Skeleton,Skeleton Text,"skeleton-text, text-placeholder, line-skeleton, paragraph-skeleton","Skeleton lines mimicking text content while loading paragraphs or descriptions","Vary line widths to look natural; match actual text size and spacing; use consistent border-radius","Make all skeleton lines same width; use incorrect spacing; skip animation","<div aria-busy=""true"" aria-label=""Loading content"" className=""animate-pulse space-y-3""><div className=""h-5 w-2/3 rounded bg-zinc-200 dark:bg-zinc-700"" /><div className=""space-y-2""><div className=""h-3 w-full rounded bg-zinc-200 dark:bg-zinc-700"" /><div className=""h-3 w-full rounded bg-zinc-200 dark:bg-zinc-700"" /><div className=""h-3 w-4/5 rounded bg-zinc-200 dark:bg-zinc-700"" /></div></div>","<div><div className=""bg-gray-300 h-4 w-full mb-2"" /><div className=""bg-gray-300 h-4 w-full mb-2"" /><div className=""bg-gray-300 h-4 w-full"" /></div>","aria-busy=true; aria-label; consistent animation that does not distract; hide individual lines from screen readers","Match real text layout; line heights consistent with actual typography; responsive widths",Medium
52,Skeleton,Loading Overlay,"loading-overlay, spinner-overlay, blocking-loader, full-page-loading","Full-screen or section-level loading overlay for blocking operations","Use semi-transparent backdrop; show spinner or progress indicator; prevent interaction with underlying content; provide status text","Block without any visual indicator; trap focus permanently; show overlay for non-blocking operations","<div aria-busy=""true"" className=""relative""><div className=""pointer-events-none opacity-50"">{children}</div><div className=""absolute inset-0 flex flex-col items-center justify-center""><svg className=""h-8 w-8 animate-spin text-blue-600"" viewBox=""0 0 24 24""><circle className=""opacity-25"" cx=""12"" cy=""12"" r=""10"" stroke=""currentColor"" strokeWidth=""4"" fill=""none"" /><path className=""opacity-75"" fill=""currentColor"" d=""M4 12a8 8 0 018-8V0C5.373 0 0 5.373 0 12h4z"" /></svg><p className=""mt-3 text-sm font-medium text-zinc-600"">Processing...</p></div></div>","<div style={{display: loading ? 'block' : 'none'}} className=""fixed inset-0 bg-black/80 z-[9999]""><div className=""animate-spin"">Loading</div></div>","aria-busy=true on container; status text for screen readers; focus management prevents interaction behind overlay","Centered on viewport; readable status text; does not block critical navigation (like back button) on mobile",High
53,Accordion,Single Expand,"accordion, collapsible, expandable, single-panel","Accordion where only one panel can be expanded at a time, collapsing others","Use details/summary or custom with proper ARIA; animate open/close; show expand indicator; maintain focus on toggle","Allow all panels open simultaneously when single-expand is intended; lose scroll position on collapse","<div className=""divide-y divide-zinc-200 rounded-xl border border-zinc-200 dark:divide-zinc-700 dark:border-zinc-700"">{items.map(item => (<div key={item.id}><button aria-expanded={expanded === item.id} aria-controls={`panel-${item.id}`} onClick={() => setExpanded(prev => prev === item.id ? null : item.id)} className=""flex w-full items-center justify-between px-4 py-3 text-left text-sm font-medium text-zinc-900 hover:bg-zinc-50""><span>{item.title}</span><ChevronDownIcon className={`h-4 w-4 transition-transform ${expanded === item.id ? 'rotate-180' : ''}`} /></button>{expanded === item.id && (<div id={`panel-${item.id}`} role=""region"" aria-labelledby={`heading-${item.id}`} className=""px-4 pb-4 text-sm text-zinc-600"">{item.content}</div>)}</div>))}</div>","<div>{items.map(i => <div><div onClick={() => toggle(i)}>{i.title}</div>{open === i && <div>{i.content}</div>}</div>)}</div>","aria-expanded on trigger; aria-controls linking to panel; role=region on panel; Enter/Space to toggle; focus stays on trigger","Full-width on all screens; smooth animation; adequate padding for touch targets on toggle buttons",High
54,Accordion,Multi Expand,"multi-accordion, independent-panels, toggle-panels","Accordion where multiple panels can be expanded independently of each other","Allow any combination of open/closed panels; maintain individual state per panel; use Set or object for state","Use single-expand logic for multi-expand; re-render all panels on one toggle","<div className=""space-y-2"">{items.map(item => { const isOpen = expandedSet.has(item.id); return (<div key={item.id} className=""rounded-lg border border-zinc-200 dark:border-zinc-700""><button aria-expanded={isOpen} aria-controls={`panel-${item.id}`} onClick={() => setExpandedSet(prev => { const next = new Set(prev); next.has(item.id) ? next.delete(item.id) : next.add(item.id); return next; })} className=""flex w-full items-center justify-between px-4 py-3 text-left text-sm font-medium hover:bg-zinc-50""><span>{item.title}</span><ChevronDownIcon className={`h-4 w-4 transition-transform ${isOpen ? 'rotate-180' : ''}`} /></button>{isOpen && (<div id={`panel-${item.id}`} role=""region"" className=""px-4 pb-4 text-sm text-zinc-600"">{item.content}</div>)}</div>); })}</div>","<div>{items.map(i => <div><div onClick={() => { expanded[i.id] = !expanded[i.id]; setExpanded(expanded); }}>{i.title}</div></div>)}</div> // Mutation!","Same ARIA as single-expand; each panel independent; aria-expanded per button; keyboard Enter/Space toggles","Same responsive behavior as single accordion; panels stack naturally; smooth individual animations",Medium
55,Accordion,FAQ Accordion,"faq, questions, help-section, knowledge-base","Structured FAQ section using accordion pattern for common questions and answers","Use structured data (schema.org FAQ); organize by category; include search for large FAQs; link to individual questions","Dump all FAQs in a single flat list; skip structured data; hide critical information in collapsed panels","<section aria-label=""Frequently asked questions""><h2 className=""text-2xl font-bold text-zinc-900"">FAQ</h2><div className=""mt-6 divide-y divide-zinc-200"" itemScope itemType=""https://schema.org/FAQPage"">{faqs.map(faq => (<div key={faq.id} itemScope itemProp=""mainEntity"" itemType=""https://schema.org/Question""><button aria-expanded={expanded === faq.id} onClick={() => toggle(faq.id)} className=""flex w-full items-center justify-between py-4 text-left""><span itemProp=""name"" className=""text-sm font-medium text-zinc-900"">{faq.question}</span><ChevronDownIcon className={`h-4 w-4 shrink-0 transition-transform ${expanded === faq.id ? 'rotate-180' : ''}`} /></button>{expanded === faq.id && (<div itemScope itemProp=""acceptedAnswer"" itemType=""https://schema.org/Answer""><div itemProp=""text"" className=""pb-4 text-sm text-zinc-600"">{faq.answer}</div></div>)}</div>))}</div></section>","<div>{faqs.map(f => <details><summary>{f.q}</summary>{f.a}</details>)}</div> // No structured data, no styling","Semantic accordion ARIA; structured data for SEO; search/filter for large lists; deep-linkable questions","Full-width; adequate line-height for readability; touch-friendly toggle areas; smooth expand/collapse",Medium
56,Carousel,Image Carousel,"carousel, image-slider, slideshow, gallery","Image carousel/slider for showcasing multiple images with navigation controls","Provide prev/next buttons; show pagination dots; support keyboard navigation; pause auto-play on hover/focus; lazy-load offscreen images","Auto-play without pause control; hide navigation controls; use only swipe (no buttons); load all images eagerly","<div role=""region"" aria-roledescription=""carousel"" aria-label=""Product images""><div className=""relative overflow-hidden rounded-xl""><div className=""flex transition-transform duration-300"" style={{ transform: `translateX(-${current * 100}%)` }}>{images.map((img, i) => (<div key={i} role=""group"" aria-roledescription=""slide"" aria-label={`Slide ${i + 1} of ${images.length}`} className=""w-full shrink-0""><img src={img.src} alt={img.alt} loading={i === 0 ? 'eager' : 'lazy'} className=""aspect-video w-full object-cover"" /></div>))}</div><button aria-label=""Previous slide"" onClick={prev} className=""absolute left-2 top-1/2 -translate-y-1/2 rounded-full bg-white/80 p-2 shadow""><ChevronLeftIcon className=""h-5 w-5"" /></button><button aria-label=""Next slide"" onClick={next} className=""absolute right-2 top-1/2 -translate-y-1/2 rounded-full bg-white/80 p-2 shadow""><ChevronRightIcon className=""h-5 w-5"" /></button></div><div role=""tablist"" className=""mt-3 flex justify-center gap-2"">{images.map((_, i) => (<button key={i} role=""tab"" aria-selected={i === current} aria-label={`Go to slide ${i + 1}`} onClick={() => setCurrent(i)} className={`h-2 w-2 rounded-full ${i === current ? 'bg-blue-600' : 'bg-zinc-300'}`} />))}</div></div>","<div>{images.map((img, i) => i === current && <img key={i} src={img.src} />)}</div><button onClick={next}>Next</button>","aria-roledescription=carousel; role=group per slide with aria-roledescription=slide; aria-label per slide; prev/next labeled; pagination as tablist","Swipe gesture support on touch; full-width on mobile; adequate button sizes; reduce auto-play to manual on mobile",High
57,Carousel,Testimonial Slider,"testimonial, review-slider, quote-carousel, social-proof","Carousel for cycling through customer testimonials and reviews","Show one testimonial at a time; include avatar, name, and role; auto-play with pause; smooth transitions","Cram multiple testimonials in one view; use tiny text; skip attribution; auto-play too fast","<div role=""region"" aria-roledescription=""carousel"" aria-label=""Customer testimonials""><div aria-live=""polite"" className=""rounded-xl bg-zinc-50 p-8 text-center dark:bg-zinc-800""><blockquote><p className=""text-lg font-medium text-zinc-900 dark:text-zinc-100"">&#8220;{testimonials[current].quote}&#8221;</p></blockquote><div className=""mt-4 flex items-center justify-center gap-3""><img src={testimonials[current].avatar} alt="""" className=""h-10 w-10 rounded-full"" /><div className=""text-left""><p className=""text-sm font-semibold text-zinc-900 dark:text-zinc-100"">{testimonials[current].name}</p><p className=""text-xs text-zinc-500"">{testimonials[current].role}</p></div></div></div></div>","<div>{testimonials[current].text}<br/><b>{testimonials[current].name}</b></div>","aria-live=polite for content changes; blockquote for quote semantics; avatar alt empty if decorative","Full-width on mobile; readable font size; adequate padding; swipe support; no auto-play on reduced-motion",Medium
58,Carousel,Card Carousel,"card-slider, horizontal-scroll, content-carousel, featured-cards","Horizontally scrolling carousel of cards for featured content or products","Use scroll-snap for smooth snapping; show peek of next card; provide scroll indicators; support drag and swipe","Hide scrollbar without alternative navigation; snap too aggressively; forget overflow indicators","<div className=""relative""><div className=""scrollbar-hide flex snap-x snap-mandatory gap-4 overflow-x-auto scroll-smooth px-4 pb-4"">{items.map(item => (<article key={item.id} className=""w-72 shrink-0 snap-start rounded-xl border border-zinc-200 bg-white p-4 shadow-sm dark:border-zinc-800 dark:bg-zinc-900""><h3 className=""text-sm font-semibold text-zinc-900"">{item.title}</h3><p className=""mt-2 text-sm text-zinc-600"">{item.description}</p></article>))}</div><button aria-label=""Scroll left"" onClick={scrollLeft} className=""absolute left-0 top-1/2 -translate-y-1/2 rounded-full bg-white p-2 shadow-lg""><ChevronLeftIcon className=""h-5 w-5"" /></button><button aria-label=""Scroll right"" onClick={scrollRight} className=""absolute right-0 top-1/2 -translate-y-1/2 rounded-full bg-white p-2 shadow-lg""><ChevronRightIcon className=""h-5 w-5"" /></button></div>","<div className=""flex overflow-hidden"">{items.map(i => <div className=""w-64"">{i.title}</div>)}</div>","Navigation buttons with aria-label; scroll-snap for keyboard users; announce context on navigation","Touch scroll native on mobile; snap-x snap-mandatory; peek of next card visible; adequate card widths",Medium
59,Search,Search Bar,"search, search-input, search-field, global-search","Prominent search input with icon and optional clear button for content discovery","Use type=search; show search icon; provide clear button when populated; submit on Enter; show recent searches","Auto-submit on every keystroke without debounce; hide search behind icon-only button; skip clear function","<form role=""search"" action=""/search"" className=""relative""><MagnifyingGlassIcon className=""absolute left-3 top-1/2 h-5 w-5 -translate-y-1/2 text-zinc-400"" /><input type=""search"" name=""q"" placeholder=""Search..."" aria-label=""Search"" value={query} onChange={e => setQuery(e.target.value)} className=""w-full rounded-lg border border-zinc-300 bg-white py-2.5 pl-10 pr-10 text-sm shadow-sm transition-colors focus:border-blue-500 focus:ring-2 focus:ring-blue-500/20 dark:border-zinc-700 dark:bg-zinc-800"" />{query && (<button type=""button"" onClick={() => setQuery('')} aria-label=""Clear search"" className=""absolute right-3 top-1/2 -translate-y-1/2 rounded p-0.5 text-zinc-400 hover:text-zinc-600""><XMarkIcon className=""h-4 w-4"" /></button>)}</form>","<input placeholder=""Search..."" onChange={e => fetchResults(e.target.value)} className=""border p-2"" />","role=search on form; type=search; aria-label; clear button with aria-label; submit on Enter","Full-width on mobile; adequate font size (16px+) to prevent zoom; prominent placement; clear button tappable",High
60,Search,Command Palette,"command-palette, cmd-k, spotlight, quick-actions","Keyboard-triggered command palette for power users to quickly navigate or execute actions","Trigger with Cmd/Ctrl+K; fuzzy search; show keyboard shortcuts; group results by category; close on Escape","Require mouse to open; show all commands without filtering; lag on keystroke; skip keyboard navigation","<dialog ref={dialogRef} className=""fixed inset-0 z-50 flex items-start justify-center bg-black/50 pt-[20vh]""><div className=""w-full max-w-lg rounded-xl border border-zinc-200 bg-white shadow-2xl dark:border-zinc-700 dark:bg-zinc-900""><div className=""flex items-center border-b px-4""><MagnifyingGlassIcon className=""h-5 w-5 text-zinc-400"" /><input autoFocus placeholder=""Type a command or search..."" value={query} onChange={e => setQuery(e.target.value)} className=""flex-1 border-0 bg-transparent px-3 py-3 text-sm outline-none"" /></div><ul role=""listbox"" className=""max-h-80 overflow-auto p-2"">{results.map((item, i) => (<li key={item.id} role=""option"" aria-selected={i === active} className={`flex items-center gap-3 rounded-lg px-3 py-2 text-sm ${i === active ? 'bg-blue-50 text-blue-600' : 'text-zinc-700'}`}><item.icon className=""h-4 w-4"" /><span>{item.label}</span><kbd className=""ml-auto text-xs text-zinc-400"">{item.shortcut}</kbd></li>))}</ul></div></dialog>","<div className=""fixed inset-0""><input onChange={search} /><div>{results.map(r => <div onClick={r.action}>{r.name}</div>)}</div></div>","role=listbox/option; aria-selected; autoFocus on input; arrow key navigation; Enter to execute; Escape to close","Full-screen overlay on mobile; larger tap targets; simplified results; swipe to dismiss",High
61,Search,Autocomplete,"autocomplete, suggestions, typeahead-search, search-suggest","Search input with real-time suggestion dropdown as the user types","Debounce API calls (200-300ms); highlight matching text in suggestions; show recent searches; keyboard navigable list","Fire API call on every keystroke; show stale results; ignore keyboard navigation in suggestions","<div className=""relative""><input role=""combobox"" aria-expanded={suggestions.length > 0} aria-controls=""search-suggestions"" aria-autocomplete=""list"" aria-activedescendant={activeId} value={query} onChange={e => { setQuery(e.target.value); debouncedSearch(e.target.value); }} className=""w-full rounded-lg border border-zinc-300 px-3 py-2 text-sm"" />{suggestions.length > 0 && (<ul id=""search-suggestions"" role=""listbox"" className=""absolute z-10 mt-1 max-h-60 w-full overflow-auto rounded-lg border border-zinc-200 bg-white py-1 shadow-lg"">{suggestions.map((s, i) => (<li key={s.id} id={`suggestion-${s.id}`} role=""option"" aria-selected={i === activeIndex} onClick={() => selectSuggestion(s)} className={`cursor-pointer px-3 py-2 text-sm ${i === activeIndex ? 'bg-blue-50 text-blue-600' : 'text-zinc-700 hover:bg-zinc-50'}`}>{highlightMatch(s.label, query)}</li>))}</ul>)}</div>","<input onChange={e => fetch(`/api/search?q=${e.target.value}`).then(r => setSuggestions(r))} /><div>{suggestions.map(s => <div onClick={() => pick(s)}>{s.label}</div>)}</div>","role=combobox; aria-autocomplete=list; role=listbox/option; aria-activedescendant; arrow keys + Enter; Escape closes","Full-width dropdown on mobile; suggestions within viewport; virtual keyboard does not obscure results; debounced input",High
62,Breadcrumb,Navigation Breadcrumb,"breadcrumb, path, trail, hierarchy, navigation, wayfinding","Navigation breadcrumb showing current page location in hierarchy","Use semantic nav with aria-label=Breadcrumb; ol/li structure; current page not a link; separator is decorative","Make breadcrumb the primary navigation; use as deep nesting (>4 levels); make current page clickable","<nav aria-label=""Breadcrumb""><ol className=""flex items-center gap-1.5 text-sm""><li><a href=""/"" className=""text-zinc-500 hover:text-zinc-700"">Home</a></li><li aria-hidden=""true"" className=""text-zinc-300"">/</li><li><a href=""/products"" className=""text-zinc-500 hover:text-zinc-700"">Products</a></li><li aria-hidden=""true"" className=""text-zinc-300"">/</li><li aria-current=""page"" className=""font-medium text-zinc-900"">Widget Pro</li></ol></nav>","<div>Home > Products > Widget Pro</div>","nav with aria-label=Breadcrumb; ol/li for semantic list; aria-current=page on last item; separators are aria-hidden","Truncate middle items on mobile; show only parent + current on small screens",Medium
63,Skeleton,Content Skeleton,"skeleton, placeholder, loading, shimmer, pulse, content-loading","Skeleton loading placeholder that mimics content layout during loading","Match skeleton shapes to actual content (lines for text, circles for avatars, rectangles for images); use subtle pulse animation","Show generic spinner instead of content-shaped skeleton; make skeleton too different from final layout; skip aria-busy","<div aria-busy=""true"" className=""animate-pulse space-y-3""><div className=""h-4 w-3/4 rounded bg-zinc-200 dark:bg-zinc-700"" /><div className=""h-4 w-1/2 rounded bg-zinc-200 dark:bg-zinc-700"" /><div className=""h-32 w-full rounded-lg bg-zinc-200 dark:bg-zinc-700"" /></div>","<div className=""text-center py-8"">Loading...</div>","aria-busy=true on container; aria-hidden on individual skeleton elements; screen reader announces loading state","Same responsive layout as real content; skeleton adapts to container width",High
64,Skeleton,Card Skeleton,"skeleton-card, card-loading, card-placeholder, content-card-loading","Skeleton specifically shaped as a card with image, title, and description placeholders","Mirror the exact card layout; consistent border-radius; subtle shimmer over pulse for premium feel","Use a completely different layout than the actual card; show spinner inside card shape","<div aria-busy=""true"" className=""animate-pulse rounded-xl border border-zinc-200 p-4 dark:border-zinc-700""><div className=""h-40 w-full rounded-lg bg-zinc-200 dark:bg-zinc-700"" /><div className=""mt-3 h-5 w-2/3 rounded bg-zinc-200 dark:bg-zinc-700"" /><div className=""mt-2 h-4 w-full rounded bg-zinc-200 dark:bg-zinc-700"" /><div className=""mt-2 h-4 w-4/5 rounded bg-zinc-200 dark:bg-zinc-700"" /></div>","<div className=""border p-4""><div className=""h-40 bg-gray-300"" /><p>Loading card...</p></div>","Same as Content Skeleton; aria-busy on card; preserve card dimensions to prevent layout shift","Same card grid layout as real cards; responsive columns maintained",Medium
65,Empty State,No Data,"empty, no-data, no-results, blank-state, zero-state, first-time","Empty state shown when a list or table has no data to display","Show relevant illustration/icon; explain why empty; provide clear CTA to populate data; be encouraging","Show nothing or just blank space; display technical error messages; blame the user","<div className=""flex flex-col items-center py-16 text-center""><div className=""mb-4 flex h-16 w-16 items-center justify-center rounded-2xl bg-zinc-100 dark:bg-zinc-800""><InboxIcon className=""h-8 w-8 text-zinc-400"" /></div><h3 className=""text-sm font-medium text-zinc-900 dark:text-zinc-100"">No items yet</h3><p className=""mt-1 text-sm text-zinc-500"">Get started by creating your first item.</p><button className=""mt-4 rounded-lg bg-blue-600 px-4 py-2 text-sm font-medium text-white hover:bg-blue-500"">Create item</button></div>","<div>No data found.</div>","Ensure CTA button is keyboard accessible; use heading for empty state title; descriptive text for screen readers","Center content on all screens; appropriate padding; CTA full-width on mobile",High
66,Empty State,Error State,"error, failed, broken, oops, something-went-wrong","Error state shown when data fetch or operation fails","Show friendly error message; provide retry button; suggest alternative actions; log error details for debugging","Show raw error messages or stack traces; blame the user; offer no recovery path","<div className=""flex flex-col items-center py-16 text-center"" role=""alert""><div className=""mb-4 flex h-16 w-16 items-center justify-center rounded-2xl bg-red-50 dark:bg-red-950""><ExclamationCircleIcon className=""h-8 w-8 text-red-500"" /></div><h3 className=""text-sm font-medium text-zinc-900 dark:text-zinc-100"">Something went wrong</h3><p className=""mt-1 text-sm text-zinc-500"">We could not load your data. Please try again.</p><button onClick={retry} className=""mt-4 rounded-lg bg-zinc-900 px-4 py-2 text-sm font-medium text-white hover:bg-zinc-800"">Try again</button></div>","<div className=""text-red-500"">Error: {error.message}</div>","role=alert for error announcement; retry button keyboard accessible; descriptive error for screen readers","Same centering as No Data state; consistent padding and spacing",High
67,Command Palette,Cmd+K Search,"command-palette, cmd-k, spotlight, quick-actions, omnibar, command-bar","Keyboard-triggered command palette for quick navigation and action execution","Trigger with Cmd/Ctrl+K; fuzzy search; show keyboard shortcuts; group results by category; close on Escape/click-outside","Require mouse to open; show all commands without filtering; lag on keystroke; skip keyboard navigation within results","<dialog className=""fixed inset-0 z-50 flex items-start justify-center bg-black/50 pt-[20vh]""><div className=""w-full max-w-lg rounded-xl border bg-white shadow-2xl dark:border-zinc-700 dark:bg-zinc-900""><div className=""flex items-center border-b px-4""><MagnifyingGlassIcon className=""h-5 w-5 text-zinc-400"" /><input autoFocus placeholder=""Type a command..."" className=""flex-1 bg-transparent px-3 py-3 text-sm outline-none"" /></div><ul role=""listbox"" className=""max-h-80 overflow-auto p-2"">{results.map((item, i) => (<li key={item.id} role=""option"" aria-selected={i === active} className=""flex items-center gap-3 rounded-lg px-3 py-2 text-sm cursor-pointer hover:bg-zinc-100"">{item.label}<kbd className=""ml-auto text-xs text-zinc-400"">{item.shortcut}</kbd></li>))}</ul></div></dialog>","<div className=""fixed inset-0""><input onChange={search} />{results.map(r => <div onClick={r.action}>{r.name}</div>)}</div>","role=listbox/option; aria-selected; autoFocus on input; arrow key navigation; Enter to execute; Escape to close","Full-screen overlay on mobile; larger tap targets; simplified result grouping",High
68,Data Grid,Sortable Table,"data-grid, sortable, filterable, table-advanced, column-sort, data-table","Advanced data table with sortable columns, pagination, and optional filtering","Add aria-sort on sortable headers; use button in th for sort trigger; show sort direction icon; maintain focus on sort","Sort without visual feedback; lose scroll position on sort; use anchor tags for sort headers","<table className=""w-full text-sm""><thead><tr className=""border-b""><th scope=""col""><button onClick={() => sort('name')} className=""flex items-center gap-1 px-4 py-3 font-medium"" aria-sort={sortCol === 'name' ? sortDir : 'none'}>Name {sortCol === 'name' && <ChevronIcon dir={sortDir} />}</button></th></tr></thead><tbody>{rows.map(r => <tr key={r.id} className=""border-b hover:bg-zinc-50""><td className=""px-4 py-3"">{r.name}</td></tr>)}</tbody></table>","<table><tr onClick={() => sort('name')}><th>Name</th></tr></table>","aria-sort on active column; button inside th; keyboard accessible sorting; announce sort changes via aria-live","Horizontal scroll with sticky first column on mobile; min-width on table",High
69,Drawer,Side Drawer/Sheet,"drawer, sheet, side-panel, slide-out, off-canvas, sidebar-panel","Slide-out panel from edge of screen for secondary content or forms","Trap focus inside drawer; close on Escape; provide close button; overlay background; animate from edge","Open without overlay; don't trap focus; no close mechanism; content under drawer still interactive","<div className=""fixed inset-0 z-50""><div className=""fixed inset-0 bg-black/50"" onClick={close} /><div className=""fixed right-0 top-0 h-full w-96 bg-white shadow-xl transition-transform dark:bg-zinc-900""><div className=""flex items-center justify-between border-b px-6 py-4""><h2 className=""text-lg font-semibold"">Details</h2><button onClick={close} aria-label=""Close drawer"" className=""rounded-lg p-2 hover:bg-zinc-100""><XMarkIcon className=""h-5 w-5"" /></button></div><div className=""overflow-y-auto p-6"">{children}</div></div></div>","<div className=""fixed right-0 w-96 bg-white"">{content}</div>","Focus trap; Escape to close; aria-label on close button; role=dialog; aria-modal=true","Full-width on mobile (<640px); slide from bottom on small screens as bottom sheet",Medium
70,Tabs,Horizontal Tabs,"tabs, tab-bar, tab-panel, segmented, horizontal-tabs, tab-navigation","Horizontal tabbed interface for switching between related content panels","Use role=tablist/tab/tabpanel; aria-selected on active tab; arrow keys for navigation; show one panel at a time","Use anchor navigation for tabs; show all panels; missing keyboard support; no aria roles","<div role=""tablist"" aria-label=""Settings"" className=""flex border-b"">{tabs.map((tab, i) => (<button key={tab.id} role=""tab"" aria-selected={active === i} aria-controls={`panel-${tab.id}`} tabIndex={active === i ? 0 : -1} onClick={() => setActive(i)} className={`px-4 py-2 text-sm font-medium border-b-2 ${active === i ? 'border-blue-600 text-blue-600' : 'border-transparent text-zinc-500 hover:text-zinc-700'}`}>{tab.label}</button>))}</div><div role=""tabpanel"" id={`panel-${tabs[active].id}`} aria-labelledby={`tab-${tabs[active].id}`}>{tabs[active].content}</div>","<div className=""flex"">{tabs.map(t => <div onClick={() => show(t)}>{t.name}</div>)}</div><div>{content}</div>","role=tablist/tab/tabpanel; aria-selected; arrow key navigation between tabs; tabIndex management; aria-controls/labelledby","Stack vertically on mobile or use horizontal scroll; full-width tabs on small screens",High
71,Tabs,Vertical Tabs,"vertical-tabs, sidebar-tabs, side-navigation, stacked-tabs","Vertical tabbed interface typically used in settings or configuration pages","Same ARIA roles as horizontal; use up/down arrow keys instead of left/right; clear active indicator","Mix horizontal and vertical tab keyboard patterns; use links instead of buttons for tabs","<div className=""flex""><div role=""tablist"" aria-label=""Settings sections"" aria-orientation=""vertical"" className=""w-48 border-r"">{tabs.map((tab, i) => (<button key={tab.id} role=""tab"" aria-selected={active === i} className={`block w-full px-4 py-2 text-left text-sm ${active === i ? 'bg-blue-50 text-blue-600 border-l-2 border-blue-600' : 'text-zinc-600 hover:bg-zinc-50'}`}>{tab.label}</button>))}</div><div role=""tabpanel"" className=""flex-1 p-6"">{tabs[active].content}</div></div>","<div className=""flex""><ul>{tabs.map(t => <li onClick={() => show(t)}>{t.name}</li>)}</ul><div>{content}</div></div>","aria-orientation=vertical; up/down arrow keys; same roles as horizontal tabs","Collapse to horizontal tabs or accordion on mobile",Medium
72,Badge,Status Badge,"badge, status, tag, label, indicator, chip","Small badge indicating status (active, inactive, pending, error)","Use semantic colors consistently; keep text short (1-2 words); provide aria-label when color is the only differentiator","Use badge for long text; rely on color alone for meaning; make badges interactive without clear affordance","<span className=""inline-flex items-center gap-1 rounded-full bg-green-50 px-2 py-0.5 text-xs font-medium text-green-700 dark:bg-green-900/30 dark:text-green-400""><span className=""h-1.5 w-1.5 rounded-full bg-green-500"" aria-hidden=""true"" />Active</span>","<span className=""bg-green-500 text-white px-2 py-1 rounded"">Active</span>","Don't rely on color alone; include text label; aria-label if meaning unclear from text alone","Same size across breakpoints; consider wrapping in flex container",Medium
73,Badge,Notification Badge,"notification, count, unread, dot, counter, indicator-badge","Small counter or dot indicating unread notifications or pending items","Keep count visible; use aria-label to describe count; cap display at 99+; position relative to icon","Make badge too large; show exact count over 99; skip accessibility annotation","<button className=""relative"" aria-label=""Notifications (3 unread)""><BellIcon className=""h-6 w-6"" /><span aria-hidden=""true"" className=""absolute -right-1 -top-1 flex h-5 w-5 items-center justify-center rounded-full bg-red-500 text-xs font-bold text-white"">{count > 99 ? '99+' : count}</span></button>","<button><BellIcon /><span className=""bg-red-500 text-white text-xs"">{count}</span></button>","aria-label on parent button with count; aria-hidden on visual badge; screen reader gets count from label","Badge scales with icon; consistent positioning across screen sizes",Medium
74,Stepper,Progress Stepper,"stepper, wizard, multi-step, progress, step-indicator, wizard-steps","Step indicator for multi-step forms or wizards showing progress","Number steps clearly; show completed/current/upcoming states; allow clicking completed steps to go back","Use only dots without labels; prevent going back to completed steps; no step count indicator","<nav aria-label=""Progress""><ol className=""flex items-center"" role=""list"">{steps.map((step, i) => (<li key={step.id} className=""flex items-center gap-2""><span className={`flex h-8 w-8 items-center justify-center rounded-full text-sm font-medium ${i < current ? 'bg-blue-600 text-white' : i === current ? 'border-2 border-blue-600 text-blue-600' : 'border-2 border-zinc-300 text-zinc-400'}`} aria-current={i === current ? 'step' : undefined}>{i < current ? <CheckIcon /> : i + 1}</span><span className=""text-sm"">{step.label}</span>{i < steps.length - 1 && <div className=""h-px w-8 bg-zinc-300"" aria-hidden=""true"" />}</li>))}</ol></nav>","<div className=""flex"">{steps.map((s, i) => <div className={i <= current ? 'text-blue-600' : ''}>{i+1}. {s.name}</div>)}</div>","nav with aria-label=Progress; ol/li for semantic list; aria-current=step on active; completed steps focusable","Simplify to horizontal numbered list on mobile; show step X of Y",Medium
75,Alert,Inline Alert,"alert, banner, notification-inline, message, callout, info-box","Inline alert/callout for contextual feedback within the page","Use role=alert for urgent messages; appropriate colors per type (info/success/warning/error); include dismiss option","Auto-dismiss important alerts; use alert for non-urgent info; place far from relevant content","<div role=""alert"" className=""flex items-start gap-3 rounded-lg border border-blue-200 bg-blue-50 p-4 text-sm dark:border-blue-800 dark:bg-blue-950""><InformationCircleIcon className=""h-5 w-5 shrink-0 text-blue-500"" aria-hidden=""true"" /><div><p className=""font-medium text-blue-800 dark:text-blue-200"">New feature available</p><p className=""mt-1 text-blue-700 dark:text-blue-300"">Check out the new dashboard analytics.</p></div><button aria-label=""Dismiss"" className=""ml-auto shrink-0 rounded p-1 hover:bg-blue-100""><XMarkIcon className=""h-4 w-4 text-blue-500"" /></button></div>","<div className=""bg-blue-100 p-2"">New feature available</div>","role=alert for important; role=status for informational; dismiss button with aria-label; icon is aria-hidden","Full-width on mobile; consistent padding; stack icon and text vertically if very narrow",High
76,Pagination,Page Pagination,"pagination, paging, page-numbers, prev-next, data-navigation","Navigation for paginated data with page numbers and prev/next buttons","Use nav with aria-label=Pagination; current page with aria-current=page; disable prev on first / next on last","Show too many page numbers; skip keyboard navigation; no indication of current page","<nav aria-label=""Pagination"" className=""flex items-center gap-1""><button disabled={page === 1} className=""rounded-lg px-3 py-2 text-sm disabled:opacity-50"" aria-label=""Previous page"">Prev</button>{pages.map(p => (<button key={p} aria-current={p === page ? 'page' : undefined} className={`rounded-lg px-3 py-2 text-sm ${p === page ? 'bg-blue-600 text-white' : 'hover:bg-zinc-100'}`}>{p}</button>))}<button disabled={page === totalPages} className=""rounded-lg px-3 py-2 text-sm disabled:opacity-50"" aria-label=""Next page"">Next</button></nav>","<div>{pages.map(p => <span onClick={() => go(p)}>{p}</span>)}<span onClick={next}>></span></div>","nav with aria-label; aria-current=page; disabled state on boundaries; keyboard accessible buttons","Show fewer page numbers on mobile; prev/next always visible; consider mobile-friendly page selector",Medium
77,Spinner,Loading Spinner,"spinner, loading, circular-progress, busy-indicator, loading-icon","Animated circular spinner indicating loading or processing state","Use role=status with aria-label; keep spinner small and non-blocking; provide text alternative; use appropriate size","Use spinner as only feedback for long operations; block entire UI; show spinner without context","<div role=""status"" aria-label=""Loading""><svg className=""h-5 w-5 animate-spin text-blue-600"" viewBox=""0 0 24 24"" fill=""none""><circle className=""opacity-25"" cx=""12"" cy=""12"" r=""10"" stroke=""currentColor"" strokeWidth=""4"" /><path className=""opacity-75"" fill=""currentColor"" d=""M4 12a8 8 0 018-8V0C5.373 0 0 5.373 0 12h4z"" /></svg><span className=""sr-only"">Loading</span></div>","<div className=""animate-spin border-4 border-blue-600 rounded-full h-8 w-8"" />","role=status; aria-label=Loading; sr-only text; prefers-reduced-motion: show static indicator","Size variants: sm (16px) md (20px) lg (32px); consistent across breakpoints",Medium
78,Error Boundary,React Error Boundary,"error-boundary, fallback-ui, crash-recovery, error-handler, react-error","Component that catches render errors and displays fallback UI instead of crashing","Show user-friendly message; provide retry/reload button; log error to monitoring service; preserve layout","Show white screen; expose stack traces to users; lose all state without recovery option","<ErrorBoundary fallback={<div className=""flex flex-col items-center py-16""><ExclamationTriangleIcon className=""h-12 w-12 text-amber-500"" /><h2 className=""mt-4 text-lg font-semibold"">Something went wrong</h2><p className=""mt-2 text-sm text-zinc-500"">An unexpected error occurred.</p><button onClick={() => window.location.reload()} className=""mt-4 rounded-lg bg-zinc-900 px-4 py-2 text-sm text-white"">Reload page</button></div>}>{children}</ErrorBoundary>","/* No error boundary â€” app crashes to white screen */","Fallback UI must be keyboard accessible; aria-live for error announcement; preserve navigation if possible","Same responsive behavior as normal content; centered fallback on all screens",Critical
79,404 Page,Not Found Page,"404, not-found, missing-page, page-not-found, dead-link","Custom 404 page shown when a route doesn't exist","Show friendly message; provide search or navigation options; match site design; include link to home","Show default browser 404; expose server details; provide no way back; show blank page","<div className=""flex min-h-[60vh] flex-col items-center justify-center text-center""><h1 className=""text-6xl font-bold text-zinc-200 dark:text-zinc-700"">404</h1><h2 className=""mt-4 text-xl font-semibold text-zinc-900 dark:text-zinc-100"">Page not found</h2><p className=""mt-2 text-sm text-zinc-500"">The page you are looking for does not exist or has been moved.</p><div className=""mt-6 flex gap-3""><a href=""/"" className=""rounded-lg bg-blue-600 px-4 py-2 text-sm font-medium text-white hover:bg-blue-500"">Go home</a><a href=""/search"" className=""rounded-lg border border-zinc-300 px-4 py-2 text-sm font-medium text-zinc-700 hover:bg-zinc-50"">Search</a></div></div>","<h1>404</h1><p>Not Found</p>","Semantic heading structure; links keyboard accessible; descriptive title for screen readers","Centered on all screens; appropriate spacing; buttons stack on mobile",Medium
